{
  "incidence_csr": {
    "C0": 773536.1901367336,
    "Cn": -2577.10890531329,
    "Cm": 128.59817801531986,
    "Cnnz": 257.1963560553575
  },
  "networkx_directed": {
    "C0": 304916.2981291338,
    "Cn": -653.1754894152693,
    "Cm": 40.87749457529831
  },
  "networkx_undirected": {
    "C0": 1000000.0,
    "Cn": 400.0,
    "Cm": 900.0
  }
}